2020-09-19,1,08:04,13.36,7.46

2020-09-19,1,08:05,20.12,10.72

2020-09-19,2,08:25,12.1,4.0

2020-09-19,3,08:46,8.17,9.7

2020-09-19,4,09:06,34.38,11.5

2020-09-19,5,09:26,14.38,10.06

2020-09-19,6,09:47,38.63,7.8

2020-09-19,7,10:07,24.7,11.06

2020-09-19,8,10:27,6.46,4.92

2020-09-19,9,10:48,27.59,11.64

2020-09-19,10,11:08,38.43,11.16

2020-09-19,11,11:29,31.21,10.94

2020-09-19,12,11:49,28.84,10.31

2020-09-19,13,12:09,34.3,10.73

2020-09-19,14,12:30,38.78,11.18

2020-09-19,15,12:50,36.47,10.76

2020-09-19,16,01:10,46.39,9.93

2020-09-19,17,01:31,17.59,6.01

2020-09-19,18,01:51,37.03,11.41

2020-09-19,19,02:11,36.52,10.9

2020-09-19,20,02:32,42.29,9.33

2020-09-19,21,02:52,29.43,7.65

2020-09-19,22,03:12,36.77,5.21

2020-09-19,23,03:33,32.51,7.16

2020-09-19,24,03:53,31.67,10.8

2020-09-19,25,04:13,36.93,6.79

2020-09-19,26,04:34,33.03,10.72

2020-09-19,27,04:54,46.07,11.1

2020-09-19,28,05:14,33.66,11.12

2020-09-19,29,05:35,31.24,10.39

2020-09-19,30,05:55,22.41,10.77

2020-09-19,31,06:15,37.99,11.7

2020-09-19,32,06:36,31.77,11.41

2020-09-19,33,06:56,36.14,10.98

2020-09-19,34,07:16,16.76,10.18

2020-09-19,35,07:37,17.26,9.27

2020-09-19,36,07:57,18.04,8.88

2020-09-19,37,08:17,21.69,9.52

2020-09-19,38,08:38,32.99,7.46

2020-09-20,1,07:10,35.42,10.88

2020-09-20,2,07:10,36.04,11.0

2020-09-20,1,07:11,34.37,10.31

2020-09-20,2,07:31,33.82,11.32

2020-09-20,3,07:52,36.52,10.52

2020-09-20,4,08:12,29.32,10.22

2020-09-20,5,08:33,41.25,10.63

2020-09-20,6,08:53,44.23,10.38

2020-09-20,7,09:13,43.3,9.39

2020-09-20,8,09:34,38.44,10.89

2020-09-20,9,09:54,33.63,10.46

2020-09-20,10,10:14,20.46,10.97

2020-09-20,11,10:35,27.4,10.59

2020-09-20,12,10:55,30.16,7.07

2020-09-20,13,11:15,38.42,11.13

2020-09-20,14,11:36,40.35,11.15

2020-09-20,15,11:56,39.63,10.74

2020-09-20,16,12:16,41.01,11.03

2020-09-20,17,12:37,38.35,10.23

2020-09-20,18,12:57,33.53,10.45

2020-09-20,19,01:17,26.34,9.39

2020-09-20,20,01:38,25.66,9.52

2020-09-20,21,01:58,24.32,8.38

2020-09-20,22,02:18,22.48,9.23

2020-09-20,23,02:39,27.33,9.64

2020-09-20,24,02:59,36.22,10.48

2020-09-20,25,03:19,53.16,10.92

2020-09-20,26,03:40,15.92,4.09

2020-09-20,27,04:00,6.09,8.54

2020-09-20,28,04:20,35.41,10.59

2020-09-20,29,04:41,36.26,10.57

2020-09-20,30,05:01,32.74,11.01

2020-09-20,31,05:21,37.23,10.26

2020-09-20,32,05:42,39.37,10.35

2020-09-20,33,06:02,30.84,11.12

2020-09-20,34,06:23,42.19,10.97

2020-09-20,35,06:43,43.15,10.5

2020-09-20,36,07:03,24.98,8.9

2020-09-20,37,07:24,33.9,10.72

2020-09-20,38,07:44,35.73,11.29

2020-09-20,39,08:04,33.42,10.22

2020-09-20,40,08:25,25.77,9.24

2020-09-21,1,09:15,3.85,0.34

2020-09-21,2,09:31,18.66,2.63

2020-09-21,3,09:46,10.07,0.81

2020-09-21,4,10:02,30.31,6.56

2020-09-21,5,10:17,14.02,9.49

2020-09-21,6,10:33,5.86,0.31

2020-09-21,7,10:48,15.19,0.9

2020-09-21,8,11:03,22.3,0.37

2020-09-21,9,11:19,19.15,0.8

2020-09-21,10,11:34,28.14,8.53

2020-09-21,11,11:50,36.8,7.28

2020-09-21,12,12:05,26.91,6.12

2020-09-21,13,12:20,1.76,0.97

2020-09-21,14,12:36,27.56,5.06

2020-09-21,15,12:51,28.28,6.02

2020-09-21,16,01:07,32.85,6.3

2020-09-21,17,01:22,14.48,3.25

2020-09-21,18,01:37,12.47,0.27

2020-09-21,19,01:53,1.5,0.41

2020-09-21,20,02:08,9.3,0.28

2020-09-21,21,02:24,15.91,0.51

2020-09-21,22,02:39,12.95,0.42

2020-09-21,23,02:55,23.41,6.76

2020-09-21,24,03:10,25.63,6.45

2020-09-21,25,03:25,20.22,2.94

2020-09-21,26,03:41,9.53,6.09

2020-09-21,27,03:56,26.18,4.79

2020-09-21,28,04:11,26.96,3.81

2020-09-21,29,04:27,0.34,0.25

2020-09-21,30,04:42,17.67,5.22

2020-09-21,31,04:58,27.72,2.58

2020-09-21,32,05:13,26.98,4.61

2020-09-21,33,05:28,28.64,7.63

2020-09-21,34,05:44,21.17,4.41

2020-09-21,35,05:59,17.24,3.91

2020-09-21,36,06:14,26.15,5.92

2020-09-21,37,06:30,14.24,5.61

2020-09-21,38,06:45,17.85,2.85

2020-09-21,39,07:00,6.91,1.29

2020-09-21,40,07:16,18.38,3.66

2020-09-21,41,07:31,27.34,6.2

2020-09-21,42,07:47,26.93,5.76git st

2020-09-21,43,08:02,25.27,7.27

2020-09-21,44,08:17,25.63,5.26

2020-09-21,45,08:33,28.92,5.28

2020-09-21,46,08:48,12.79,3.67

2020-09-21,47,09:03,18.52,6.18

2020-09-21,48,09:19,14.24,2.64

2020-09-21,49,09:34,22.56,5.22

2020-09-21,50,09:49,33.72,6.45

2020-09-21,51,10:05,17.58,5.13

2020-09-21,52,10:20,24.48,5.17

2020-09-22,1,00:06,1.5,0.32
2020-09-22,2,00:21,36.39,8.11
2020-09-22,3,00:37,32.97,6.64
2020-09-22,4,00:52,20.51,3.07
2020-09-22,5,01:07,10.89,1.11
2020-09-22,6,01:23,29.72,6.24
2020-09-22,7,01:38,33.77,6.5
2020-09-22,8,01:53,34.29,5.98
2020-09-22,9,02:09,34.56,8.72
2020-09-22,10,02:24,34.13,7.33
2020-09-22,11,02:39,21.54,5.62
2020-09-22,12,02:55,32.19,7.01
2020-09-22,13,03:10,32.28,9.68
2020-09-22,14,03:26,32.51,7.94
2020-09-22,15,03:41,32.58,9.21
2020-09-22,16,03:56,36.63,7.64
2020-09-22,17,04:12,32.71,8.61
2020-09-22,18,04:27,34.49,7.15
2020-09-22,19,04:42,24.22,6.61
2020-09-22,20,04:58,35.44,6.66
2020-09-22,21,05:13,33.77,9.98
2020-09-22,22,05:28,33.8,8.53
2020-09-22,23,05:44,27.71,8.65
2020-09-22,24,05:59,35.12,9.34
2020-09-22,25,06:14,32.31,7.02
2020-09-22,26,06:30,34.94,9.61
2020-09-22,27,06:45,34.5,9.56
2020-09-22,28,07:00,34.18,7.16
2020-09-22,29,07:16,31.04,3.72
2020-09-22,30,07:31,29.04,8.32
2020-09-22,31,07:46,19.78,7.01
2020-09-22,32,08:02,13.8,3.38
2020-09-22,33,08:17,25.36,4.96
2020-09-22,34,08:33,11.87,3.49
2020-09-22,35,08:48,22.29,0.72
2020-09-22,1,09:31,30.99,10.33
2020-09-22,2,09:47,33.05,9.77
2020-09-22,3,10:02,32.07,11.11
2020-09-22,4,10:17,46.13,10.61
2020-09-22,5,10:33,31.67,8.39
2020-09-22,6,10:48,25.96,8.35
2020-09-22,7,11:03,5.96,6.55
2020-09-22,8,11:19,6.37,7.48
2020-09-22,9,11:34,27.77,3.37
2020-09-22,10,11:49,32.02,6.4
2020-09-22,11,12:05,36.59,11.07
2020-09-22,12,12:20,26.51,10.58
2020-09-22,13,12:36,28.79,9.65
2020-09-22,14,12:51,46.4,10.96
2020-09-22,15,13:06,38.89,11.37
2020-09-22,16,13:22,39.26,11.45
2020-09-22,17,13:37,27.19,8.31
2020-09-22,18,13:52,28.67,7.71
2020-09-22,19,14:08,35.38,8.15
2020-09-22,20,14:23,17.93,6.91
2020-09-22,21,14:38,19.84,8.93
2020-09-22,22,14:54,30.67,10.53
2020-09-22,23,15:09,33.65,11.15
2020-09-22,24,15:24,38.71,11.45
2020-09-22,25,15:40,33.61,11.52
2020-09-22,26,15:55,36.45,11.22
2020-09-22,27,16:10,20.98,10.19
2020-09-22,28,16:26,28.65,8.81
2020-09-22,29,16:41,16.81,10.14
2020-09-22,30,16:56,28.41,11.18
2020-09-22,31,17:12,26.19,10.74
2020-09-22,32,17:27,25.92,10.91
2020-09-22,33,17:42,16.71,10.29
2020-09-22,34,17:58,22.92,11.33
2020-09-22,35,18:13,14.48,8.63
2020-09-22,36,18:28,17.2,6.6
2020-09-22,37,18:44,25.84,10.21
2020-09-22,38,18:59,21.6,8.67
2020-09-22,39,19:15,4.46,0.93
2020-09-22,40,19:30,27.55,9.67
2020-09-22,41,19:45,33.15,11.28
2020-09-22,42,20:01,26.74,9.02
2020-09-22,20:29,39.59,10.86
2020-09-22,20:29,40.65,10.85
2020-09-22,20:30,48.48,10.49
2020-09-22,20:35,40.05,10.99
2020-09-22,20:45,14.33,7.43
2020-09-22,21:00,1.07,0.83
2020-09-22,21:15,19.08,5.72
2020-09-22,21:30,28.53,7.52
2020-09-22,21:45,23.25,9.68
2020-09-22,22:00,11.63,5.23
2020-09-22,22:15,16.61,6.18
2020-09-22,22:30,25.84,8.12
2020-09-22,22:45,23.58,2.32
2020-09-22,23:00,21.5,4.33
2020-09-22,23:15,24.88,5.0
2020-09-22,23:30,41.3,7.87
2020-09-22,23:45,27.2,10.22
2020-09-23,00:00,30.76,6.6
2020-09-23,00:15,43.74,8.41
2020-09-23,00:30,31.41,6.12
2020-09-23,00:45,26.24,6.91
2020-09-23,01:00,22.68,10.76
2020-09-23,01:15,2.74,1.54
2020-09-23,01:30,40.43,11.42
2020-09-23,01:45,41.03,8.92
2020-09-23,02:00,42.36,11.16
2020-09-23,02:15,32.0,5.64
2020-09-23,02:30,23.48,4.77
2020-09-23,02:45,34.49,10.28
2020-09-23,03:00,5.74,6.58
2020-09-23,03:15,36.47,11.17
2020-09-23,03:30,2.1,5.46
2020-09-23,03:45,29.34,4.71
2020-09-23,04:00,24.17,2.62
2020-09-23,04:15,24.6,3.8
2020-09-23,04:30,7.59,5.2
2020-09-23,04:45,5.46,4.47
2020-09-23,05:00,11.61,3.26
2020-09-23,05:15,4.16,2.21
2020-09-23,05:30,14.9,1.78
2020-09-23,05:45,5.84,2.88
2020-09-23,06:00,3.25,1.01
2020-09-23,06:15,1.54,0.63
2020-09-23,06:30,2.05,0.88
2020-09-23,06:45,25.45,4.59
2020-09-23,07:00,7.16,6.21
2020-09-23,07:15,5.5,5.43
2020-09-23,07:30,17.62,6.03
2020-09-23,07:45,26.25,4.87
2020-09-23,08:00,21.95,1.65
2020-09-23,08:15,34.94,5.03
2020-09-23,08:30,25.91,3.12
2020-09-23,08:45,37.61,5.18
2020-09-23,09:00,31.58,8.37
2020-09-23,09:15,17.21,7.37
2020-09-23,09:30,20.77,3.2
2020-09-23,09:45,4.36,6.85
2020-09-23,10:00,9.15,1.24
2020-09-23,10:15,20.02,2.13
2020-09-23,10:30,29.82,5.77
2020-09-23,10:45,6.29,0.75
2020-09-23,11:00,10.13,1.57
2020-09-23,11:15,16.52,3.16
2020-09-23,11:30,17.78,2.04
2020-09-23,11:45,14.47,3.13
2020-09-23,12:00,24.46,6.96
2020-09-23,12:15,30.52,3.41
2020-09-23,12:30,27.76,7.82
2020-09-23,12:45,28.53,3.31
2020-09-23,13:00,29.66,3.22
2020-09-23,13:15,6.58,1.83
2020-09-23,13:30,2.98,0.54
2020-09-23,13:45,2.25,0.34
2020-09-23,14:00,1.34,0.56
2020-09-23,14:15,0.85,1.03
2020-09-23,14:30,0.87,0.59
2020-09-23,14:45,3.59,1.2
2020-09-23,15:00,6.83,0.51
2020-09-23,15:15,5.23,0.78
2020-09-23,15:30,1.4,1.6
2020-09-23,15:45,6.74,1.98
2020-09-23,16:00,1.4,0.76
2020-09-23,16:15,42.47,6.43
2020-09-23,16:30,24.22,6.49
2020-09-23,16:45,22.33,3.85
2020-09-23,17:00,24.56,9.63
2020-09-23,17:15,37.24,9.08
2020-09-23,17:30,44.42,8.37
2020-09-23,17:45,34.94,5.77
2020-09-23,18:00,17.92,3.4
2020-09-23,18:15,22.15,8.15
2020-09-23,18:30,34.41,10.24
2020-09-23,18:45,30.13,5.38
2020-09-23,19:00,16.7,1.49
2020-09-23,19:15,27.64,2.46
2020-09-23,19:30,18.22,4.08
2020-09-23,19:45,10.05,2.31
2020-09-23,20:00,18.81,2.66
2020-09-23,20:15,3.0,4.48
2020-09-23,20:30,8.76,3.11
2020-09-23,20:45,6.65,2.19
2020-09-23,21:00,19.21,2.54
2020-09-23,21:15,23.36,5.02
2020-09-23,21:30,20.88,2.37
2020-09-23,21:45,17.23,8.83
2020-09-23,22:00,12.53,1.42
2020-09-23,22:15,17.01,5.55
2020-09-23,22:30,23.09,3.74
2020-09-23,22:45,8.65,1.07
2020-09-23,23:00,25.48,3.75
2020-09-24,09:02,9.62,0.37
2020-09-24,09:15,27.42,10.41
2020-09-24,09:30,21.63,2.25
2020-09-24,09:45,41.77,10.76
2020-09-24,10:00,23.27,9.78
2020-09-24,10:56,20.78,7.36
2020-09-24,11:00,8.89,3.99
2020-09-24,11:15,9.98,7.97
2020-09-24,11:30,24.99,11.5
2020-09-24,11:37,17.72,10.06
2020-09-24,11:45,15.21,4.47
2020-09-24,11:53,31.0,9.82
2020-09-24,11:57,14.67,9.99
2020-09-24,12:00,22.87,10.39
2020-09-24,12:15,21.03,8.27
2020-09-24,12:30,5.51,0.55
2020-09-24,12:45,2.18,3.01
2020-09-24,13:00,2.63,8.39
2020-09-24,13:15,20.58,7.89
2020-09-24,13:30,13.96,7.45
2020-09-24,13:45,6.46,6.5
2020-09-24,14:00,6.78,5.61
2020-09-24,14:15,5.28,0.73
2020-09-24,14:30,12.54,4.57
2020-09-24,14:45,7.39,2.71
2020-09-24,15:00,2.34,5.26
2020-09-24,15:15,11.6,6.5
2020-09-24,15:30,7.56,7.0
2020-09-24,15:45,3.11,4.93
2020-09-24,16:00,6.77,3.57
2020-09-24,16:15,8.9,7.47
2020-09-24,16:30,7.82,4.63
2020-09-24,16:45,12.72,7.89
2020-09-24,17:00,15.21,8.2
2020-09-24,17:45,19.82,8.92
2020-09-24,18:00,22.58,10.02
2020-09-24,18:15,18.81,8.95
2020-09-24,18:30,15.28,6.66
2020-09-24,18:45,16.79,7.87
2020-09-24,19:00,8.52,8.38
2020-09-24,19:15,20.77,10.74
2020-09-24,19:30,25.34,7.26
2020-09-24,19:45,23.96,11.07
2020-09-24,20:00,9.13,6.73
2020-09-24,20:15,7.24,7.92
2020-09-24,20:30,5.23,8.05
2020-09-24,20:45,20.59,10.38
2020-09-24,21:00,10.08,8.85
2020-09-24,21:15,21.2,10.82
2020-09-24,21:30,14.83,10.08
2020-09-24,21:45,17.95,9.84
2020-09-24,22:00,13.74,9.29
2020-09-25,09:00,22.33,8.76
2020-09-25,09:15,6.53,4.58
2020-09-25,09:30,29.85,11.13
2020-09-25,09:45,18.05,8.85
2020-09-25,10:00,13.24,10.5
2020-09-25,10:15,20.29,10.72
2020-09-25,10:30,25.62,10.35
2020-09-25,10:45,28.49,10.25
2020-09-25,11:00,32.13,11.17
2020-09-25,11:15,15.05,11.01
2020-09-25,11:30,34.54,10.89
2020-09-25,11:45,31.54,11.28
2020-09-25,12:00,26.61,7.89
2020-09-25,12:15,23.74,9.78
2020-09-25,12:30,24.45,10.78
2020-09-25,12:45,8.83,3.67
2020-09-25,13:00,22.48,11.13
2020-09-25,13:15,19.18,8.85
2020-09-25,13:30,11.32,3.4
2020-09-25,13:45,15.72,8.8
2020-09-25,14:00,12.78,1.5
2020-09-25,14:15,8.77,2.84
2020-09-25,14:30,16.04,5.14
2020-09-25,14:45,15.04,1.82
2020-09-25,15:00,21.46,6.19
2020-09-25,15:15,32.62,11.41
2020-09-25,15:30,33.02,10.95
2020-09-25,15:45,31.66,10.89
2020-09-25,16:00,22.6,4.36
2020-09-25,16:15,23.15,9.45
2020-09-25,16:30,40.06,10.5
2020-09-25,16:45,32.44,10.59
2020-09-25,17:00,29.41,4.08
2020-09-25,17:15,50.56,11.25
2020-09-25,17:30,39.72,11.08
2020-09-25,17:45,39.81,10.86
2020-09-25,18:00,4.35,3.77
2020-09-25,18:15,7.72,7.72
2020-09-25,18:30,4.38,4.61
2020-09-25,18:45,30.98,5.71
2020-09-25,19:00,9.5,6.23
2020-09-25,19:15,37.53,10.19
2020-09-25,19:22,18.86,10.73
2020-09-25,19:25,15.97,8.52
2020-09-25,19:30,13.96,8.93
2020-09-25,19:45,25.73,2.43
2020-09-25,20:00,26.93,3.37
2020-09-25,20:15,24.49,2.05
2020-09-25,20:30,10.59,3.14
2020-09-25,20:45,42.77,3.12
2020-09-25,21:00,40.15,3.97
2020-09-25,21:15,0.32,3.07
2020-09-25,21:30,20.51,4.01
2020-09-25,21:45,26.45,8.31
2020-09-25,22:00,47.97,4.1
2020-09-25,22:15,30.24,6.88
2020-09-26,08:45,41.29,11.19
2020-09-26,09:00,54.59,11.31
2020-09-26,09:15,13.18,10.98
2020-09-26,09:30,44.75,10.92
2020-09-26,09:45,3.17,3.89
2020-09-26,10:00,2.62,5.86
2020-09-26,10:15,9.68,2.25
2020-09-26,10:30,28.49,7.16
2020-09-26,10:45,31.04,4.89
2020-09-26,11:00,31.15,8.32
2020-09-26,11:15,37.29,5.91
2020-09-26,11:30,34.31,5.03
2020-09-26,11:45,42.66,7.53
2020-09-26,12:00,34.73,7.71
2020-09-26,12:15,32.29,4.42
2020-09-26,12:30,33.93,5.53
2020-09-26,12:45,36.05,6.7
2020-09-26,13:00,28.15,6.67
2020-09-26,13:15,35.11,6.45
2020-09-26,13:30,34.64,5.69
2020-09-26,13:45,35.16,6.58
2020-09-26,14:00,34.25,5.98
2020-09-26,14:15,34.53,5.22
2020-09-26,14:30,26.41,1.55
2020-09-26,14:45,34.11,8.93
2020-09-26,15:00,24.38,9.61
2020-09-26,15:15,25.73,3.04
2020-09-26,15:30,35.71,5.61
2020-09-26,15:45,30.12,6.19
2020-09-26,16:00,18.05,1.76
2020-09-26,16:15,36.03,3.81
2020-09-26,16:30,39.92,6.16
2020-09-26,16:45,27.87,5.52
2020-09-26,17:00,27.96,4.64
2020-09-26,17:15,29.63,2.77
2020-09-26,17:30,32.19,4.87
2020-09-26,17:45,42.75,9.75
2020-09-26,18:00,29.56,6.29
2020-09-26,18:15,38.36,6.6
2020-09-26,18:30,19.23,5.0
2020-09-26,18:45,24.12,6.58
2020-09-26,19:00,24.12,5.5
2020-09-26,19:15,28.57,6.13
2020-09-26,19:30,25.72,5.37
2020-09-26,19:45,34.01,7.94
2020-09-26,20:00,26.82,6.34
2020-09-26,20:15,28.46,6.24
2020-09-26,20:30,12.99,6.89
2020-09-26,20:45,33.71,4.16
2020-09-26,21:00,23.29,9.89
2020-09-26,21:15,24.57,6.55
2020-09-26,21:30,16.94,6.37
2020-09-26,21:45,13.05,2.01
2020-09-27,07:15,61.14,11.58
2020-09-27,07:30,53.53,11.09
2020-09-27,07:45,60.43,10.72
2020-09-27,08:00,38.83,11.44
2020-09-27,08:15,65.53,11.64
2020-09-27,08:30,34.16,9.84
2020-09-27,08:45,34.87,10.34
2020-09-27,09:00,43.56,9.47
2020-09-27,09:15,37.56,10.38
2020-09-27,09:30,38.84,10.38
2020-09-27,09:45,40.35,11.0
2020-09-27,10:00,23.32,10.73
2020-09-27,10:15,35.47,7.09
2020-09-27,10:30,39.95,10.74
2020-09-27,10:45,31.11,9.88
2020-09-27,11:00,19.72,6.22
2020-09-27,11:15,27.49,6.42
2020-09-27,11:30,28.74,3.37
2020-09-27,11:45,41.19,10.04
2020-09-27,12:00,29.99,9.8
2020-09-27,12:15,38.18,11.01
2020-09-27,12:30,33.4,8.2
2020-09-27,12:45,35.27,10.78
2020-09-27,13:00,37.68,10.98
2020-09-27,13:15,30.31,10.2
2020-09-27,13:30,35.24,6.9
2020-09-27,13:45,18.81,9.38
2020-09-27,14:00,40.39,8.49
2020-09-27,14:15,33.25,10.23
2020-09-27,14:30,26.73,8.36
2020-09-27,14:45,28.1,9.26
2020-09-27,15:00,16.87,7.35
2020-09-27,15:15,24.54,7.77
2020-09-27,15:30,29.97,11.06
2020-09-27,15:45,21.78,8.53
2020-09-27,16:00,18.36,9.13
2020-09-27,16:15,27.57,9.84
2020-09-27,16:30,22.47,5.87
2020-09-27,16:45,28.33,10.62
2020-09-27,17:00,24.75,10.19
2020-09-27,17:15,23.1,8.76
2020-09-27,17:30,20.04,5.56
2020-09-27,17:45,22.55,8.3
2020-09-27,18:00,24.12,9.68
2020-09-27,18:15,26.09,11.15
2020-09-27,18:30,26.51,10.33
2020-09-27,18:45,23.9,10.61
2020-09-27,19:00,26.45,10.05
2020-09-27,19:15,10.49,4.61
2020-09-27,19:30,30.13,10.8
2020-09-27,19:45,33.38,11.32
2020-09-27,20:00,20.92,10.46
2020-09-27,20:15,28.6,11.45
2020-09-27,20:30,29.29,10.39
2020-09-27,20:45,39.63,11.53
2020-09-27,21:00,37.68,11.24
2020-09-27,21:15,32.63,11.21
2020-09-27,21:30,25.65,8.86
2020-09-27,21:45,29.88,10.15
2020-09-27,22:00,32.79,6.11
2020-09-27,22:15,35.91,7.5
2020-09-27,22:30,17.89,5.11
2020-09-27,22:45,21.78,5.84
2020-09-27,23:00,24.99,7.36
2020-09-27,23:15,40.64,10.57
2020-09-27,23:30,39.64,10.55
2020-09-27,23:45,47.89,5.78
2020-09-28,00:00,16.08,5.46
2020-09-28,00:15,23.14,3.44
2020-09-28,00:30,32.83,6.68
2020-09-28,00:45,50.7,7.58
2020-09-28,01:00,22.4,6.5
2020-09-28,01:15,48.44,6.91
2020-09-28,01:30,24.45,3.01
2020-09-28,01:45,35.02,7.84
2020-09-28,02:00,46.6,7.6
2020-09-28,02:15,37.87,7.83
2020-09-28,02:30,40.81,7.37
2020-09-28,02:45,52.13,8.23
2020-09-28,03:00,37.39,10.08
2020-09-28,03:15,63.19,7.13
2020-09-28,03:30,57.14,11.13
2020-09-28,03:45,57.97,7.21
2020-09-28,04:00,51.89,10.52
2020-09-28,04:15,66.95,8.17
2020-09-28,04:30,60.06,8.36
2020-09-28,04:45,52.38,7.39
2020-09-28,05:00,38.87,6.25
2020-09-28,05:15,43.5,6.82
2020-09-28,05:30,55.1,8.33
2020-09-28,05:45,54.89,11.24
2020-09-28,06:00,15.33,7.23
2020-09-28,06:15,53.39,7.53
2020-09-28,06:30,51.49,7.1
2020-09-28,06:45,57.53,7.04
2020-09-28,07:00,51.12,7.63
2020-09-28,07:15,44.9,8.63
2020-09-28,07:30,39.58,9.76
2020-09-28,07:45,33.57,10.47
2020-09-28,08:00,30.59,4.1
2020-09-28,08:15,44.49,5.96
2020-09-28,08:30,30.94,9.42
2020-09-28,08:45,23.61,2.68
2020-09-28,09:00,22.03,3.25
2020-09-28,09:15,21.0,3.12
2020-09-28,09:30,13.37,2.58
2020-09-28,09:45,7.69,2.68
2020-09-28,10:00,17.2,2.67
2020-09-28,10:15,17.24,2.99
2020-09-28,10:30,23.33,4.49
2020-09-28,10:45,17.3,2.46
2020-09-28,11:00,13.88,1.93
2020-09-28,11:15,17.72,3.16
2020-09-28,11:30,21.94,4.4
2020-09-28,11:45,20.72,6.55
2020-09-28,12:00,16.15,3.87
2020-09-28,12:15,20.58,1.9
2020-09-28,12:30,20.45,4.57
2020-09-28,12:45,18.59,4.67
2020-09-28,13:00,32.85,6.22
2020-09-28,13:15,26.06,3.12
2020-09-28,13:30,12.11,2.8
2020-09-28,13:45,11.1,0.78
2020-09-28,14:00,12.75,1.39
2020-09-28,14:15,17.7,2.28
2020-09-28,14:30,11.62,2.45
2020-09-28,14:45,23.36,2.46
2020-09-28,15:00,20.46,3.11
2020-09-28,15:15,19.89,2.82
2020-09-28,15:30,16.96,1.32
2020-09-28,15:45,18.11,2.26
2020-09-28,16:00,15.42,5.21
2020-09-28,16:15,27.98,3.94
2020-09-28,16:30,22.12,1.84
2020-09-28,16:45,29.6,4.53
2020-09-28,17:00,19.24,3.2
2020-09-28,17:15,21.49,3.85
2020-09-28,17:30,21.05,5.76
2020-09-28,17:45,32.15,10.25
2020-09-28,18:00,20.66,4.39
2020-09-28,18:15,31.56,5.25
2020-09-28,18:30,30.98,3.85
2020-09-28,18:45,15.81,10.95
2020-09-28,19:00,20.1,3.08
2020-09-28,19:15,18.18,1.96
2020-09-28,19:30,20.79,2.33
2020-09-28,19:45,23.74,4.79
2020-09-28,20:00,17.7,3.55
2020-09-28,20:15,28.05,3.13
2020-09-28,20:30,16.56,8.3
2020-09-28,20:45,37.27,8.23
2020-09-28,21:00,19.54,5.59
2020-09-28,21:15,29.09,6.19
2020-09-28,21:30,46.58,5.97
2020-09-28,21:45,44.25,9.69
2020-09-28,22:00,40.36,5.64
2020-09-28,22:15,41.75,5.77
2020-09-29,08:30,18.29,6.56
2020-09-29,08:45,29.73,10.87
2020-09-29,09:00,30.19,8.58
2020-09-29,09:15,46.24,10.26
2020-09-29,09:30,32.12,7.37
2020-09-29,09:45,22.15,8.8
2020-09-29,10:00,49.5,5.63
2020-09-29,10:15,51.56,10.93
2020-09-29,10:30,59.49,9.69
2020-09-29,10:45,32.57,8.19
2020-09-29,11:00,15.73,5.58
2020-09-29,11:15,16.97,8.01
2020-09-29,11:30,23.22,9.95
2020-09-29,11:45,35.33,8.76
2020-09-29,12:00,16.11,6.54
2020-09-29,12:15,54.36,8.98
2020-09-29,12:30,38.11,11.23
2020-09-29,12:45,52.33,11.7
2020-09-29,13:00,19.56,10.97
2020-09-29,13:15,29.79,10.44
2020-09-29,13:30,36.23,11.53
2020-09-29,13:45,27.35,7.12
2020-09-29,14:00,30.25,7.12
2020-09-29,14:15,24.46,6.31
2020-09-29,14:30,12.55,5.91
2020-09-29,14:45,21.15,8.67
2020-09-29,15:00,22.52,8.55
2020-09-29,15:30,44.22,9.87
2020-09-29,15:45,31.16,10.47
2020-09-29,16:00,64.89,11.35
2020-09-29,16:15,38.32,9.53
2020-09-29,16:30,40.89,8.79
2020-09-29,16:45,29.66,9.99
2020-09-29,17:00,28.84,10.99
2020-09-29,17:15,16.53,8.78
2020-09-29,17:30,39.92,10.49
2020-09-29,17:45,46.19,8.73
2020-09-29,18:00,19.96,9.8
2020-09-29,18:15,45.54,10.45
2020-09-29,18:30,53.84,9.13
2020-09-29,18:45,21.41,9.92
2020-09-29,19:00,21.79,9.95
2020-09-29,19:15,48.3,8.69
2020-09-29,19:30,57.61,10.51
2020-09-29,19:45,44.99,11.24
2020-09-29,20:00,15.47,10.31
2020-09-29,20:15,50.9,11.53
2020-09-29,20:30,43.21,10.87
2020-09-29,20:45,53.86,11.07
2020-09-29,21:00,45.7,10.89
2020-09-29,21:15,40.22,10.73
2020-09-29,21:30,54.61,11.56
2020-09-29,21:45,63.57,11.21
2020-09-29,22:00,32.72,10.76
2020-09-29,22:15,36.79,10.71
2020-09-29,22:30,23.26,11.13
2020-09-29,22:45,19.07,9.61
2020-09-29,23:00,21.35,10.74
2020-09-29,23:15,47.79,11.1
2020-09-29,23:30,53.68,11.4
2020-09-30,11:30,30.19,10.47
2020-09-30,11:45,26.64,10.66
2020-09-30,12:00,28.63,8.89
2020-09-30,12:15,36.85,10.19
2020-09-30,12:30,30.47,10.23
2020-09-30,12:45,52.14,10.79
2020-09-30,13:00,40.86,10.54
2020-09-30,13:15,46.93,10.91
2020-09-30,13:30,62.94,9.24
2020-09-30,13:45,28.56,8.82
2020-09-30,14:00,43.37,8.78
2020-09-30,14:15,20.18,7.74
2020-09-30,14:30,39.27,7.76
2020-09-30,14:45,18.41,9.15
2020-09-30,15:00,39.69,10.62
2020-09-30,15:15,18.49,9.6
2020-09-30,15:30,26.8,10.24
2020-09-30,15:45,19.91,9.28
2020-09-30,16:00,33.17,8.91
2020-09-30,16:15,40.63,10.23
2020-09-30,16:30,17.44,8.21
2020-09-30,16:45,23.54,7.81
2020-09-30,17:00,28.9,9.55
2020-09-30,17:15,41.76,11.19
2020-09-30,17:30,27.31,8.1
2020-09-30,17:45,15.96,7.46
2020-09-30,18:00,20.26,6.69
2020-09-30,18:15,24.27,7.22
2020-09-30,18:30,27.22,9.2
2020-09-30,18:45,16.65,9.19
2020-09-30,19:00,15.16,8.57
2020-09-30,19:15,16.51,9.91
2020-09-30,19:30,25.67,5.58
2020-09-30,19:45,46.29,9.26
2020-09-30,20:00,5.38,4.9
2020-09-30,20:15,27.76,7.69
2020-09-30,20:30,25.9,9.76
